scan_key	feature_000	feature_001	feature_002	feature_003	feature_004	feature_005	feature_006	feature_007
SYN-obs-000059-001	-1.7616134908846446	1.3795056087012667	0.6364016441486986	-3.2199265419474083	-0.7388664281689206	-0.9438932941955192	1.3092958811780044	0.5909169875701921
SYN-obs-000059-000	0.39233077662662763	1.0039038093086	1.5953500154813682	-1.308574725694179	-1.4759776653470944	-0.01284079562302276	-2.1605774307816956	1.8658128255734938
SYN-obs-000058-001	0.9866751659726655	-0.7234704756038282	1.5473099986471426	0.4707457393193621	0.6234344496361042	-1.06679348311958	-2.1018862993977643	-0.17671699118340856
SYN-obs-000058-000	0.3431922086322958	-0.2932946573128342	-0.1945720151375539	0.9858625606959092	1.481744745335579	0.4731136864633859	-2.072040028217047	-1.367091932612707
SYN-obs-000057-001	-0.05548507360652066	-1.325261792301132	-1.8832455215615669	-0.7791130062713125	-2.899770303350973	0.2738584529188385	0.9438090833081247	-1.0620382848482155
SYN-obs-000057-000	-0.3768892778836815	-0.9876082209998137	-2.3131504889328918	-1.6573310756090234	0.8414982515302197	2.75156145916808	0.2723513603583278	0.26798705502347026
SYN-obs-000056-001	-0.09058139297918788	-3.605193122868207	-1.0306897934039991	2.4315905875796098	1.3675140107534434	-1.4014471056194324	-2.3883590854640495	1.627216243091247
SYN-obs-000056-000	2.714182460504454	-3.8550580016801503	-0.39228504959166083	1.4849462275297693	-0.35792785322025056	-0.5745113583846725	-1.293158534523578	-0.4227778976884582
SYN-obs-000055-001	0.9874962855410436	0.17204242710696116	-0.12844835604641341	3.537123873648543	0.4129638101867563	-0.6521639124141525	-1.6388025634171899	0.001748033266166904
SYN-obs-000055-000	1.4525521138257909	-0.8847563876150809	-0.2095423442597355	1.562820474343223	0.38400434846029596	-0.5457844765926374	-1.63427980974072	0.03551101513177768
SYN-obs-000054-001	1.7702241211391652	-1.133106806996277	-0.7369273693134808	0.9651570061793623	1.9333508921968379	2.117699393372879	-3.260235463233449	-1.503870100975087
SYN-obs-000054-000	1.537077418971439	-1.517662808905328	1.2241384675748568	-1.263280669262798	1.8306256658944675	0.7358629743508278	-2.5100543791836905	0.2774213296604503
SYN-obs-000053-001	2.081090135739924	-1.5503380519193513	0.47523563336660657	-1.2010766168134097	-0.6515028602762496	-0.40516716150164467	-1.872234950861843	-0.7353012624680799
SYN-obs-000053-000	0.11199067856581135	-0.44167112493211236	0.12283628995204543	0.7433630383595398	1.1810320705170385	0.6245113953937681	-3.0454817738577296	-0.704427529316247
SYN-obs-000052-001	2.4720623282226324	-2.5655313421866173	1.5533302692438582	-0.4116127351750125	-0.04859758725186536	-0.13261048058286007	-2.0249801398221576	0.69801161182885
SYN-obs-000052-000	-0.8086802302750846	-2.796795589825179	0.43307814760141805	0.4071438915569824	2.1795897398154738	-1.532561635585387	0.49724601346725017	-1.4910139197468741
SYN-obs-000051-001	-1.587303592944087	-0.6413294008679917	-0.04654258800366037	-2.476068732487083	-0.5483626776540211	2.575353000480395	0.16970854720057738	-0.08982678381881526
SYN-obs-000051-000	1.1861553709716997	2.229278401338674	1.6183327235644125	-1.4173441312581139	1.1328957668030375	-0.044221522487376874	0.30833662493933234	-0.7673302920776737
SYN-obs-000050-001	1.2639156945270102	-0.4236240722740919	-1.0678403644183567	0.14375736353313218	1.0170935792620643	-2.907855717095991	-1.5376711933370466	2.139618729785745
SYN-obs-000050-000	0.21493396688920718	-0.8568213785995809	-1.1351065995180833	2.790814098280047	1.055048186988133	-1.9734884219287552	-2.4033426299739444	1.344012535082471
SYN-obs-000049-001	1.0351152065850768	1.4039882674474264	-1.0434251023069534	0.5631407232684871	-0.42404152612472323	1.8273628742541275	-1.607356538923168	1.0987564964762069
SYN-obs-000049-000	2.329554481785224	-0.21985473530716326	-2.3319092663036076	-2.94479266397511	0.413510617523474	-1.2267197379874673	0.09250014959018706	-0.14704042369189174
SYN-obs-000048-001	1.2935694993927978	0.9310012582389448	0.7041734521122347	0.34544263743194525	0.09336912679071364	0.14783862280245041	1.8268891141091332	-1.220478115960382
SYN-obs-000048-000	0.12446487364035018	0.17950336051610138	0.6643380757411563	-1.527083623240609	1.61747451749348	0.23301946651894612	-0.5446589554192908	-0.4923660014175881
SYN-obs-000047-001	1.3412382238569367	-1.0390035793542869	-1.902725597904624	-0.17211807403863788	0.6490012229292588	1.2198516734136444	-2.6612781060618014	0.060331051261027474
SYN-obs-000047-000	3.433049381150738	-1.5668592831144112	1.399808416173269	1.2156979005483817	1.5707073956480457	-0.16841069127647562	-0.537589469297445	0.44214760228835936
SYN-obs-000046-001	-0.3814692474737307	2.2812160147209894	-0.5489893669713686	-1.4480694675118135	-0.009572212199976837	0.732009947594592	1.6525701201478424	-0.30359983366369897
SYN-obs-000046-000	-0.009774573373536023	1.31621769762643	-1.1257077079972477	-0.04569981323188199	-0.2738478587405499	2.2764686408474724	1.1159126409381561	0.4245672395631509
SYN-obs-000045-001	1.321704194667453	-1.380782901019456	-1.3891085716632197	0.19434562545499134	0.732083138034987	-0.8588466358946354	0.6629303877722625	-1.5931345377858992
SYN-obs-000045-000	0.37590855482666496	-3.2584842833686283	-1.3099760387871742	0.653960095166094	0.9443559201659679	0.24445811395183847	-2.337494188967427	-0.1274037655960949
SYN-obs-000044-001	-0.8033257670974641	0.21601981063980658	-2.142056230411767	-0.9267752891998529	-0.5219317708545177	1.2447682684407764	0.09318128313875651	1.148549239388211
SYN-obs-000044-000	1.581268535248577	-0.8650206371990697	-1.5405047900349076	-3.8200104667193373	-0.06882645468849657	1.3796105786025104	0.9710679703216774	0.22651841064662998
SYN-obs-000043-001	0.4480079919749378	-2.76942961754847	0.3380073792098935	1.1788886003621102	2.8209617237555085	-0.5274499623470615	-1.5532704224260032	-1.281934882392922
SYN-obs-000043-000	1.2253399256129973	-0.1602006373844287	-1.7223844410643934	1.9143631907572365	2.099348738422473	-0.940261154231856	-0.3937932800239903	-0.5890623337851905
SYN-obs-000042-001	0.3941305758488579	0.7784821031026894	-2.1494857251988413	-2.08750018002745	0.12097658493535635	0.30205797997550654	0.4757374898522986	1.2101778229184617
SYN-obs-000042-000	0.810997505226022	-0.10628790994737136	-1.2711217917188646	-1.0495786118787198	-0.8245928914290568	0.3708309639834402	0.4787872492149783	0.8748515538895678
SYN-obs-000041-001	-0.966298348163362	-0.8060246402666623	-0.859821394245688	0.5541078977810456	0.3938831618779365	1.75420792873516	-0.11319231692485954	-0.30680979494432137
SYN-obs-000041-000	-0.17603910840064593	1.0227214492075143	-2.5395135247475986	-2.460493859599415	-0.5174183989807994	3.0214334534559724	-0.32687214996681124	-0.15776489234792745
SYN-obs-000040-001	0.3286849526574561	1.1885438714154133	-0.649366141960509	-2.767275778992391	1.5653748814300457	1.6028339225391044	0.8184161909145097	-0.21925341471242468
SYN-obs-000040-000	0.4438944108447205	-0.6281967561761734	-0.888051520813607	-1.2884795493463126	-0.4211163258074375	-0.733116285380377	-0.5135862261602384	0.02294465482678619
SYN-obs-000039-001	2.0013506545226276	1.041995462929584	-0.8350246193772335	-0.6539346125475136	-0.4153338484550503	1.5980959995433528	1.101912296158979	-1.6486177263811816
SYN-obs-000039-000	-0.9460215884754738	0.975384695689036	-0.5232901504251761	-0.6847154803124789	-1.5666505525844003	1.7214134249971471	1.0048427599661292	0.7968472119805363
SYN-obs-000038-001	-0.3137609046770069	-3.2595560790177873	0.18164133518476733	1.887560111465516	1.2823215250787472	0.5373700722407981	-1.773445366518128	-1.9532094689704886
SYN-obs-000038-000	0.2453091584710635	-0.3196697731918574	0.5531398447668122	0.4047479728864559	0.7955288034657	-1.2435796918732738	-1.6588381851037073	-0.20475473490986418
SYN-obs-000037-001	0.7929304320523433	0.2618820045412733	-0.7833439306112514	-1.4848333796483142	1.5907691801987698	0.23123459229522592	-0.33494791501894094	-0.04043254460116008
SYN-obs-000037-000	0.5750763240130514	1.5650439642654295	-1.726281355779448	-1.185034184904608	1.9887568715944295	0.3073624200883754	0.8438040304205474	-2.009811078759049
SYN-obs-000036-001	1.667948069922808	-0.9575935681740382	-2.048323061620466	1.112999455850995	0.5091157926828429	-2.2392682823878927	0.06132210179680819	-0.09820657476925021
SYN-obs-000036-000	0.30965551338733643	-1.5325145395093631	-0.733436080443902	1.587286504883742	2.1194664771456244	0.6830425991142066	-2.115467718997431	3.342852366913104
SYN-obs-000035-001	0.33222709671777917	-0.08869644470714627	-1.1589108232835756	0.49861686119308357	1.4508329768841117	1.222508882450397	-1.4251695697547704	-0.8330152702294528
SYN-obs-000035-000	0.8248965339967311	-3.068773173047497	2.0310636946891667	1.2332039414213618	1.3201379424021307	0.1406346411232065	-0.001725449502012033	2.447777132132312
SYN-obs-000034-001	0.15712756856781368	1.5785373496947044	1.1406533811008797	-1.2316522089911446	0.9319602501515096	0.234273715098626	1.009682537253569	0.014829879175995764
SYN-obs-000034-000	0.32778830970921946	1.3905253149656125	-1.0214696345613652	-1.786245740877633	-0.5531851575790638	-0.23164107880830853	0.5777290104247645	-0.7875535898045245
SYN-obs-000033-001	-1.129920135684244	-0.9293852952032906	-0.47497153373703904	-1.9859133210465578	-0.45737829294044763	1.0452268996154017	2.693145535208509	0.31538934310628064
SYN-obs-000033-000	0.8314842309170998	1.327743932027924	-1.4908377771775068	-2.763698420707228	-1.7487842047940454	0.38010129714463925	-1.0967379519599918	-0.6443257514104053
SYN-obs-000032-001	-0.7973886029377698	2.5381239130619444	-1.2379959931824922	-0.10051363159179355	1.0604948695324112	4.228664772339571	0.820204154888118	-0.5335574024403393
SYN-obs-000032-000	0.9130238811528179	0.8380584932174818	-1.7447859171088398	0.9971379453426693	-0.7469558405579214	1.5171503961565203	-1.2627370465206744	1.0829713967990207
SYN-obs-000031-001	-0.6526797462079934	-2.428324789502718	-0.2941960759206226	-2.0162160734122967	2.035274694339523	3.7881919719984105	0.4346351955222483	1.0842024840294138
SYN-obs-000031-000	-1.7726763079054046	1.7020148114509517	-1.6187483859646676	-2.548647695465628	1.86642519471882	0.6178671265921692	1.9655841797774816	-0.9345596592763852
SYN-obs-000030-001	2.188382697083792	-0.3793282191297039	0.35348668669854777	-1.2920003420795587	-0.5775132230678031	3.0701744057369225	-0.8898105149290385	0.9231372982033856
SYN-obs-000030-000	-1.677670661078	1.0358901510572323	-0.7822482292438997	-1.405849066084094	-1.180656742924863	1.5923395236688485	2.683177764029656	-0.09422818828714763
SYN-obs-000029-001	2.448355780805219	-3.0727528381451803	1.0634489140292258	1.4025198443413092	-0.05762081567193045	0.4082646586342737	-2.0789190311257126	-0.9490138079827638
SYN-obs-000029-000	2.569149096556459	-2.491636404827692	0.6131503464343709	1.6143789946420517	-0.135784442111879	-2.5733365748698986	-4.431459689912375	1.6052979115353634
SYN-obs-000028-001	2.6483294460450666	-1.2085535797116047	-1.7174582776002174	0.40157320767994764	0.4912408938662737	-0.7458434919545877	-4.095008996915129	-0.4584151301384827
SYN-obs-000028-000	1.3957679495957984	-2.1778740860721912	-1.401864924313818	0.019475325426539403	-0.5817129988696761	-1.2035853907321736	-3.6703077400616895	0.33404886603666367
SYN-obs-000027-001	-1.387775127438112	2.9950627185214005	0.27355936362413413	-1.6888135448324741	-0.35885346123173917	2.465477226694628	-1.7785200997923254	1.2556858576928884
SYN-obs-000027-000	-1.0631688200777953	1.0881212803684623	-0.8885771853001757	-0.9945743047105231	-0.20555115583224082	0.9248644644464933	0.8040956306126308	3.079726599290714
SYN-obs-000026-001	2.2539054884765353	-1.5859445405011638	-0.15454541596991678	0.5427113321340978	3.150021851675116	-0.13520424139417897	-0.8857203713784862	-0.08602840575607434
SYN-obs-000026-000	0.8854433621165277	-1.9295638293672202	0.447856716605801	1.3387408367310902	1.7469434581202625	0.30853454068292474	-2.25794070814149	0.29696508632113866
SYN-obs-000025-001	1.3595913796784325	-3.213258854201854	-1.3065013823155553	2.2671703045512532	0.4731403886263512	0.19448538036683888	-0.8613393013092195	0.06641662686964456
SYN-obs-000025-000	0.720036373055666	-2.858893954072125	1.3601609715135374	1.2282474630203153	3.213298682487797	-1.0878588582792326	-2.1627619622360346	-0.768091604696282
SYN-obs-000024-001	0.6629417124442493	0.03046400115749784	0.29994815965873656	-0.5168384077914326	-0.9707890781595748	0.8542585432814988	2.248298964217989	0.4862619453968235
SYN-obs-000024-000	-1.986672070883749	-1.1992574400656832	-2.4280132383050304	-2.286631228724831	-0.3841058608032774	1.8417036925154793	0.484404455703366	0.5236334519828305
SYN-obs-000023-001	-0.09449109213467055	0.41226373078201295	-0.3353639586490947	-0.42656915269528173	-0.07547886351914088	0.10202224090280443	1.5753189361970268	1.1254285501934191
SYN-obs-000023-000	-1.0472444674775545	0.31647258916997933	0.5793791198513296	-1.8430412498755904	-0.3052389964341454	-0.6673412053552639	-0.513144383281497	0.1853422493549492
SYN-obs-000022-001	1.756845098525132	1.7121192868975377	0.6219463452397257	-1.0721452970180514	0.05910976335871343	2.9841138587214555	1.5398395316333735	2.656955147731529
SYN-obs-000022-000	0.3639289482184662	0.9194037137569829	-0.17918381783280968	-0.6368099768850614	0.5293323143076674	1.5967012354237196	0.29111916154052275	1.9080565982453594
SYN-obs-000021-001	1.6211147254383558	-4.198351806118377	-0.8553779858206496	2.0153135037016754	1.1036790661578653	-0.6257903033568649	-4.028334213904089	-0.5240770580520839
SYN-obs-000021-000	1.8121284003656544	-3.058134755679796	0.022279862662849426	1.533121325283215	1.6432950398362647	-1.008591571314296	-1.1810416598066487	0.18428866548775175
SYN-obs-000020-001	1.396158897701399	-1.4341662089526686	0.5885670839800884	1.3981019170485376	0.7821044274520659	-1.4840120193503104	-4.473580684357765	-0.10429398519871402
SYN-obs-000020-000	2.1493348734383195	0.2770653659154294	0.8876388173506425	0.475630674790007	1.3336609765173666	-0.5105959259341664	-2.90316244529055	-0.04632905337034593
SYN-obs-000019-001	2.475186517444564	-1.24944347215498	-0.3999817663651023	1.0244319551947967	1.7008227822716275	-1.1172470956666887	-2.855137348814593	0.9657929936318305
SYN-obs-000019-000	2.4284640531258077	-0.6881616095204954	0.2059392386898537	-0.9736892742970543	1.1667875051888608	-0.3064438977868426	-2.7853735124642385	-0.9150592031861123
SYN-obs-000018-001	2.627512603468059	0.27851791231588674	0.38811662043321177	0.18295825366707685	1.4689492988803279	-1.521789912818459	-2.20014148329853	-0.059866718780071604
SYN-obs-000018-000	1.642759756071342	-1.3933411703232297	0.9887130145947987	1.1892289369800364	0.850087637215214	-1.5543457976812434	-1.2909376604007972	0.631243051598621
SYN-obs-000017-001	-0.14425042645948374	1.6257727761467815	-1.2284717988246152	-1.0795092673356115	1.776837171069914	-0.14855972013547258	0.5717385549548737	-0.08099387899849975
SYN-obs-000017-000	-1.1997038988813524	0.7713729767864443	-1.3848568223592554	-0.9053254251664435	-0.028490745710846976	-0.2759135590578764	0.45485398178946473	-0.17712734398612118
SYN-obs-000016-001	0.2531951915763142	0.24345206449525794	-1.9936558693800461	-1.2024635199875517	1.3453762738437725	1.2430483254183629	-0.5051108094436872	2.612303115505455
SYN-obs-000016-000	-1.1758251619574505	0.9197244342689593	-0.03362248055317463	-2.201765170781102	1.454930371322643	2.2467360063766098	0.5471344182891467	0.5651911475483937
SYN-obs-000015-001	0.3698617347582245	-0.48116625042871053	-0.41710111118933507	-2.020462729161677	0.07271890308724693	1.0489611175924423	0.03607804139137463	0.46017341575354176
SYN-obs-000015-000	-1.0199425951014607	-1.611958233510597	-0.9027960215505556	-1.3776134586057072	-1.4017775436483486	0.1287405976296101	0.0763382069583845	0.10495754094128529
SYN-obs-000014-001	0.9084998898677888	0.19474657847645527	-1.0430443987480864	-1.836673330695391	-1.266944961368607	1.0075843904615316	0.8739715838425002	-1.1779099550359706
SYN-obs-000014-000	-1.565195440255633	1.315937170471831	-0.029745654815397538	0.08017234189001865	-2.3553455544009614	2.720904802073008	2.618189118711072	-2.6737778084676336
SYN-obs-000013-001	2.0620800570728592	-1.0357115435613247	0.5014962051426759	0.8067406212610179	3.1557265788637388	-1.308604982005264	-2.155666508496067	2.495706953745904
SYN-obs-000013-000	2.8210656170918993	-1.6123887339653526	0.8110403618786994	0.13105703644867817	-0.19395808834138917	-0.5609942336215425	-0.9093904463700808	-0.6737727154512613
SYN-obs-000012-001	2.003231637065837	-0.2692650623881232	0.5889210961228185	1.277388540483812	2.0095262112803094	-2.3586020577015128	-0.8264511401233939	0.8331687065144295
SYN-obs-000012-000	2.543595862858841	-0.6070764347604285	0.22875480438053697	0.2716791694245059	2.3328160708356	-1.4936981818735267	-0.5638434048767037	0.7921580493106312
SYN-obs-000011-001	2.0605312803873916	-1.5836766567011669	-2.19520150771348	0.680380408122236	1.925283842992101	0.05651250929311746	-0.48717186570897697	-0.947271429930356
SYN-obs-000011-000	0.6859711507587549	-1.1730041634137753	-0.4577385932991171	0.5992282323311516	2.9336189117091207	-1.4914439533209027	-0.6059055815915144	0.23415091694033774
SYN-obs-000010-001	0.04337748491701905	0.6136221207048669	-0.9248561928740289	-0.8403344733161098	-1.325582940816793	-0.6575352591671677	-0.21561323337153937	-0.9488346638785532
SYN-obs-000010-000	1.3642511220991824	3.276653215426851	-0.10717431284558748	-0.7127800695889248	1.2542158435414932	-0.5912468381771866	0.3247270502735563	-0.69808229089333
SYN-obs-000009-001	2.51536043971841	-1.3146049695538298	0.424901394389382	2.352012119045233	2.829128499682754	-0.28534299881646286	-2.8621330661209967	0.4191256080151897
SYN-obs-000009-000	0.6497005334348588	0.2145648344703981	-0.4108789575213759	2.5590970314330095	1.3508259765919062	-1.5114452938908578	-2.6548204938078017	1.436065120206556
SYN-obs-000008-001	-2.726559830626192	0.9429508784441983	-3.040685912500482	-0.7027218276367629	1.0807868441576078	1.0573256389508776	1.4054430342661215	0.7643698064132081
SYN-obs-000008-000	-1.357432741349618	2.117796747855336	0.3093809692414129	-1.007454973333083	-1.6593948012731252	1.5330014121149744	0.755247506806525	-0.006938138273635208
SYN-obs-000007-001	0.0016328093725234971	2.309321628448347	0.5653357924267817	-2.376550657185388	0.13777430831153537	1.1605880728051947	1.9289071496307837	-1.3904043155492247
SYN-obs-000007-000	0.27485694935356064	-1.0518345332113483	-0.08131252054198956	-2.0711939049161443	-1.4041703969514505	2.3234992132312566	-0.1797670322807532	0.8047366952134984
SYN-obs-000006-001	1.0261575235440017	-2.9645715058249333	0.4559002035636487	0.4414937199822351	2.8396417907824443	0.005824678488905111	-0.8863829441892969	1.9701030960226904
SYN-obs-000006-000	0.17207735573579663	-0.6860561757539229	2.4498979119805186	-0.399524262689784	2.9057306677130663	-2.430879869936236	1.587479776628016	2.111002719334013
SYN-obs-000005-001	2.0602663561162657	-2.455528593309263	-1.2574696416558349	1.7514175858075944	1.8592174485849093	0.2798495544436438	-1.3192459689206026	-1.0396717140418448
SYN-obs-000005-000	2.509457009134593	-0.8230312568012024	0.7269426138389166	1.4134978599684973	3.026288678873866	-1.6075543486230206	-1.4080433263124834	1.0250727321144435
SYN-obs-000004-001	1.3390972915397168	-3.4532613341319975	1.9248650416895936	1.3217871960821688	2.7855274749835592	-1.4840862944459239	-2.915192399346436	-0.4508084951164398
SYN-obs-000004-000	0.901294330132209	-2.512855359225492	-0.3166822624158493	1.457593590615428	2.2788514931334123	-1.7334228750969327	-2.163387605136885	-1.513764823908763
SYN-obs-000003-001	3.0496851436116046	-0.30981923551369894	2.0518665565830796	1.1123740232435382	1.0504079037922418	-0.3230943644423122	-2.3167258302322926	-0.010344687924568441
SYN-obs-000003-000	3.0140445515643144	0.8446752883520989	0.3470085204452198	0.9863780280196495	1.5367140876049326	0.4532513704147485	0.09235797843723326	-0.0007907031731177183
SYN-obs-000002-001	-0.7241340325999238	0.4355772993904375	-2.947906576062242	-0.18461983278596977	0.41371878747882956	1.4875630419123076	0.10577934973312667	0.17626097549340525
SYN-obs-000002-000	0.7185863783724795	0.17086664394706963	-0.8145530988784887	-1.7027583919010594	-1.0313659244616395	0.20819658405869357	0.8524601787232766	0.6677743299801607
SYN-obs-000001-001	1.7865074413383213	0.6650087961373776	-1.596688450357747	-1.6207738703515742	-0.21534441729987686	0.5983079180002407	-0.14725828117637968	1.4373040804864055
SYN-obs-000001-000	0.8626239243783401	-0.5677528588874003	0.5231165639846933	-3.9410312501137987	0.7740239624315461	1.0193488123387062	1.257220072243783	0.810633365248097
SYN-obs-000000-001	0.4823577011098933	0.18538593749228305	-2.1148600560904907	2.9498832138698816	1.0019133877788107	0.09561384275521928	-0.9059930735808681	1.2407942904192628
SYN-obs-000000-000	-0.1301505096534803	-1.7348459799183595	-1.8512645948606428	2.7036539780165145	1.2831949007618753	1.040244306731291	-3.4330097310434207	0.3242698844125447
