observation_id	feature_000	feature_001	feature_002	feature_003	feature_004	feature_005	feature_006	feature_007
SYN-obs-000000-000	-4.968946185987695	0.32481415756288334	-3.715382587410227	7.200252502286065	-0.2540431728132611	1.4458020549339925	-4.610839008895181	3.2556385199583016
SYN-obs-000000-001	-4.356437975224321	2.245046074973526	-3.9789780486400748	7.446481738139433	-0.5353246857963256	0.5011715909579207	-2.0838223514326284	4.1721629259650195
SYN-obs-000001-000	0.38966117079558493	0.39032147833582154	2.7921077714689577	-8.514540289998852	5.470428884326755	2.3849698318540096	1.814380607597145	-0.36816072323819204
SYN-obs-000001-001	1.313544687755566	1.6230831333605995	0.6723027571265174	-6.194282910236628	4.481060504595332	1.963928937515544	0.4099022541769822	0.2585099920001164
SYN-obs-000002-000	0.4955930676413254	-0.016553619965685606	-5.726666647393978	2.1574267363339867	-2.331793339293245	-0.9919308920483288	-0.5964005274195678	-0.519017549556615
SYN-obs-000002-001	-0.947127343331078	0.24815703547768225	-7.860020124577732	3.675565295449076	-0.8867086273527757	0.28743556580528506	-1.3430813564097177	-1.0105309040433705
SYN-obs-000003-000	5.540631411947199	1.7099682139245347	4.379197234354479	6.011738104439343	-2.2414210855235375	2.9703161782201457	-0.901953947111237	-0.827070396513349
SYN-obs-000003-001	5.57627200399449	0.5554736900587368	6.084055270492339	6.1377340996632315	-2.7277272693362287	2.193970443363085	-3.311037755780763	-0.8366243812647998
SYN-obs-000004-000	-0.8381140378233248	-2.5307951096929697	4.336208130693356	2.7006635840493747	5.969761134183802	-5.500172796913262	-0.3901219696771473	-4.282268799887763
SYN-obs-000004-001	-0.40031107641581704	-3.471201084599475	6.577755434798799	2.5648571895161156	6.476437116033949	-5.250836216262253	-1.141926763886698	-3.2193124710954395
SYN-obs-000005-000	3.3460884303692913	-0.005064226493884549	1.798899243868545	6.768771345637202	5.485555523667284	-2.4870114480607572	-0.9641280621967524	1.2630558668411944
SYN-obs-000005-001	2.8968977773509645	-1.6375615630019456	-0.18551301162620648	7.106691071476298	4.318484293378328	-0.5996075449940926	-0.8753307048048717	-0.8016885793150941
SYN-obs-000006-000	-0.46823291746040696	-0.5642276662738971	4.101058356733854	-0.1759309801927722	7.1627848548479225	2.0997753361417715	4.5572826473306165	4.475653487239434
SYN-obs-000006-001	0.3858472503477981	-2.8427429963449073	2.1070606483169843	0.6650870024792469	7.0966959779173004	4.536479884566913	2.0834199265133035	4.334753863928112
SYN-obs-000007-000	1.8749295407698354	-0.9660702546935305	-0.07195306524855094	-4.13858080721689	-2.746001902175464	2.3361418504073295	-0.6710215505687009	-0.974312585775639
SYN-obs-000007-001	1.6017054007887983	2.3950859069661647	0.5746952477202203	-4.443937559486134	-1.204057196912478	1.1732307099812675	1.4376526313428357	-3.169453596538362
SYN-obs-000008-000	-6.646965039636129	6.443871963528667	-5.731189657033574	-1.6541206918843088	-1.686623097855951	4.717889208751105	4.081138092246926	1.7634628146491234
SYN-obs-000008-001	-8.016092128912703	5.26902609411753	-9.081256538775468	-1.3493875461879887	1.053558547574782	4.242213435587008	4.731333619706522	2.534770759335967
SYN-obs-000009-000	1.6187229320292857	-0.427425296742973	-2.9092779047223205	4.486086169311541	2.878592239105329	-5.881638422681202	-4.75858529944764	-1.3533697761820307
SYN-obs-000009-001	3.484382838312837	-1.956595100767201	-2.0734975528115624	4.279001256923764	4.356894762196177	-4.655536127606807	-4.965897871760834	-2.370309288373397
SYN-obs-000010-000	2.767233458484525	4.739823037631196	0.06817548579336163	2.9657805452144808	1.1933945036650586	-6.19137869159588	-4.829640022728925	-2.252682725681804
SYN-obs-000010-001	1.4463598213023616	2.076791942909212	-0.7495063942350797	2.838226141487296	-1.3864042806932275	-6.257667112585861	-5.36998030637402	-2.503435098667027
SYN-obs-000011-000	3.858529059689614	0.6751415525015856	-1.6192252393657143	1.5108427480625148	6.274402675720583	-2.3763959932621335	-0.20774457629822307	3.623727815839744
SYN-obs-000011-001	5.2330891893182505	0.26446905921419395	-3.3566881537800777	1.5919949238535993	5.266067607003563	-0.828439530648113	-0.08901086041568562	2.4423054689690504
SYN-obs-000012-000	4.087416187831886	1.3258396379754118	4.2416466046625105	0.6425753027382709	4.003770513129875	-6.295622443895043	1.9546760627084847	0.23212571981567254
SYN-obs-000012-001	3.5470519620388825	1.6636510103477171	4.601812896404792	1.648284673797577	3.680480653574585	-7.160526319723029	1.6920683274617945	0.2731363770194709
SYN-obs-000013-000	4.717458007853699	-2.0945986131593552	-1.313368295716496	1.3066253107709724	2.644930585564134	0.3910243050448336	-2.1623621657157823	3.0538315324457583
SYN-obs-000013-001	3.9584724478346587	-1.517921422755327	-1.6229124524525196	1.9823088955833121	5.994615252769262	-0.356586443338888	-3.408638227841769	6.2233112016429235
SYN-obs-000014-000	-3.0372946229669266	1.4418117848849212	2.588874560263066	-0.7311898168511843	-4.287353446041763	4.2069284250971695	7.166461483096757	-9.328661097256703
SYN-obs-000014-001	-0.563599292843505	0.3206211928895455	1.5755758163303768	-2.648035489436594	-3.1989528530094087	2.493608013485693	5.422243948228185	-7.832793243825039
SYN-obs-000015-000	-0.20734698712629174	-6.713912614123491	1.849628960699167	-2.0424469765380904	-4.426812070263208	-0.5477494957869775	-1.1748274463743233	5.974178539223227
SYN-obs-000015-001	1.1824573427333935	-5.583120631041605	2.335323871060387	-2.6852962470940605	-2.9523156235276122	0.37247102417585465	-1.2150876119413332	6.329394414035484
SYN-obs-000016-000	0.48141231435471554	-1.5148805218629042	0.273474891405198	-0.6252577116224478	6.064018994133368	2.0748888976329605	0.13848203258370562	3.0955062100225836
SYN-obs-000016-001	1.9104326678884802	-2.1911528916366056	-1.6865584974216734	0.3740439391711026	5.954464896654498	1.0712012166747134	-0.9137631951491283	5.142618177979644
SYN-obs-000017-000	-1.4635656919969908	1.1180488169318064	-1.3121454149798923	-0.10829538318365284	3.2426560004460985	-2.7757186288199307	0.07931049209225752	-5.174044664902274
SYN-obs-000017-001	-0.40811221957512195	1.9724486162921435	-1.1557603914452523	-0.2824792253528207	5.047983917226859	-2.648364789897527	0.19619506525766653	-5.077911199914653
SYN-obs-000018-000	3.0771635008973743	1.3799905042884948	-0.2593336052674935	2.012447334148775	-0.09854593450702415	0.3168856110317466	-2.473327011844599	-2.219668743000263
SYN-obs-000018-001	4.061916348294091	3.051849586927611	-0.8599299994290804	1.0061766508358156	0.5203157271580899	0.3494414958945309	-3.3825308347423317	-2.910778513378956
SYN-obs-000019-000	5.723662270452983	-1.950621199793318	-0.9886677041674927	-2.178465468191125	-1.7816412491023932	-1.4322274173380898	-7.5526092610832745	-1.6791044243358595
SYN-obs-000019-001	5.7703847347717385	-2.5119030624278027	-1.5945887092224487	-0.18034423869927413	-1.2476059720196264	-2.2430306152179362	-7.622373097433629	0.2017477724820832
SYN-obs-000020-000	1.9579373643716274	0.3342281359338919	3.112010661977967	0.5030184678143984	2.1815901923873353	0.8228693077238447	-7.848765748038006	-3.470790568617475
SYN-obs-000020-001	1.2047613886347068	-1.377003438934206	2.8129389286074127	1.425489710072929	1.6300336433220346	-0.1505467856922993	-9.419183987105221	-3.528755500445843
SYN-obs-000021-000	2.465760888220192	-8.340963110004962	-1.6374968239141663	4.55264436917533	0.6087574182282832	-1.0889425185379418	-5.939344684323974	-1.0846929097708427
SYN-obs-000021-001	2.274747213292893	-9.481180160443543	-2.5151546723976654	5.034836547593791	0.06914144454988397	-0.7061412505805107	-8.786637238421413	-1.7930586333106784
SYN-obs-000022-000	3.1929705441327667	0.791203591100061	-1.0339487508158487	-0.6707624006976757	2.2839955679385007	5.892779576607467	2.7236439586391072	6.68746240074943
SYN-obs-000022-001	4.5858866944394325	1.5839191642406159	-0.23281858774331332	-1.1060977208306657	1.813773016989547	7.280192199905202	3.972364328731958	7.436360950235599
SYN-obs-000023-000	-4.100807868663392	1.2354448089221448	-0.06874481953284661	-1.9555420997826483	-0.9914693982792517	-1.2704003981343153	-1.7806999407583173	1.698705378287934
SYN-obs-000023-001	-3.148054493320508	1.3312359505341784	-0.9834878980332709	-0.5390700026023396	-0.7617092653642472	-0.5010369518762469	0.3077633787202063	2.638791679126404
SYN-obs-000024-000	-0.02814070648630196	-6.3737994641125875	-3.666966153300409	-1.6187459442728018	-1.8449934401451773	4.419478653298845	6.740920896109577	-3.2718531050628954
SYN-obs-000024-001	2.6214730768416965	-5.144078022889406	-0.9390047553366423	0.15104687666059657	-2.431676657501475	3.4320335040648646	8.5048154046242	-3.3092246116489026
SYN-obs-000025-000	-1.3354352043597728	-7.225338398298055	2.3173962214566455	-0.5516497729331025	4.087100554080056	-0.732927138416783	-1.5668143855725822	-0.5923500898967146
SYN-obs-000025-001	-0.6958801977370064	-7.579703298427783	-0.3492661323724474	0.48727306859783526	1.346942260218611	0.5494171002292884	-0.2653917246457673	0.242158141669212
SYN-obs-000026-000	1.2699206434378998	-4.230931075689599	3.859768474388462	0.44925383163156896	-0.33901888802809166	-3.0483951203764916	-1.8030219199090916	-0.19415777526503442
SYN-obs-000026-001	2.638382769797907	-3.887311786823542	3.2573663418127445	-0.34677567296542355	1.0640595055267617	-3.4921339024535953	-0.43080158314608785	-0.5771512673422474
SYN-obs-000027-000	-4.998506415253022	3.714709345855056	-1.3175770379240936	-1.8325852025962457	1.3096799663768217	4.465228268672054	0.21151211142609594	7.084409833570876
SYN-obs-000027-001	-5.323112722613338	5.621650784007994	-0.1554404889997837	-2.5268244427181967	1.1563776609773235	6.005841030920189	-2.3711036189788604	5.26036909197305
SYN-obs-000028-000	3.4920848136534524	-2.709810636657996	-2.0989602086410484	0.7935170104861011	-0.8578165091450951	-6.128859776067628	-3.0749541114290664	2.6759816856308936
SYN-obs-000028-001	4.744646310102721	-1.7404901302974098	-2.4145535619274483	1.1756148927395094	0.21513738359085466	-5.671117877290042	-3.499655368282506	1.883517689455747
SYN-obs-000029-000	2.5830151689864005	-5.3919703764146	3.4367869743444253	2.9569770690622925	-1.6207976572405673	0.530946713241967	-5.255407759046836	1.093076373898061
SYN-obs-000029-001	2.4622218532351603	-5.973086809732088	3.8870855419392805	2.74511791876155	-1.5426340308006188	3.5125479467461393	-2.902867100260174	-1.4612353456200666
SYN-obs-000030-000	1.4913653384678875	-0.6425145743485945	-2.969934186830616	-2.289138246560014	-1.0185436712693294	2.319281707558855	2.419797219795394	0.5042053661618242
SYN-obs-000030-001	5.357418696629679	-2.057732944535531	-1.8341992708881687	-2.1752895225554787	-0.41540015141226966	3.797116589626929	-1.1531910591633006	1.5215708526523575
SYN-obs-000031-000	-5.924829259912863	-1.1587999670691762	0.3085210082545893	-4.6904672409772665	2.123957633134917	2.60805144283183	5.012110161095015	0.23205415606752378
SYN-obs-000031-001	-4.804832698215451	-5.289139568022845	1.6330733182986343	-4.158035618923934	2.2928071327556196	5.778376288238071	3.481161176839782	2.250816299373323
SYN-obs-000032-000	0.36988090099970716	0.6458139907807279	-4.998792582348614	5.113650907898462	0.8057227146616959	3.0128731852393718	0.3710529825389015	1.7646762100687463
SYN-obs-000032-001	-1.3405315830908804	2.3458794106251903	-4.492002658422266	4.015999330963999	2.6131734247520284	5.724387561422422	2.4539941839476938	0.14814741082938632
SYN-obs-000033-000	2.664466821933211	1.2447894749837052	-3.8166149369236058	-2.1212624606479453	-3.1981162169565263	0.5132381274622323	-0.9108639658790877	0.13890623330564789
SYN-obs-000033-001	0.703062455331867	-1.0123397522475095	-2.800748693483138	-1.3434773609872752	-1.9067103051029284	1.1783637299329948	2.879019521289413	1.0986213278223338
SYN-obs-000034-000	1.8761483415276985	3.0439652587570767	1.1657707901199021	-3.7228725588447693	-0.8306858471214298	-6.327457185628586	3.819124505096004	-3.538045891010305
SYN-obs-000034-001	1.7054876003862929	3.2319772934861684	3.327893805782147	-3.168279026958281	0.6544595606091437	-5.861542391721652	4.251078031924809	-2.7356624220297845
SYN-obs-000035-000	-2.9014985752548723	2.1323254059990018	3.166659868980573	0.5575138545980538	2.2288425955196582	1.4334073033029795	2.13973535307539	1.6927357713033344
SYN-obs-000035-001	-3.3941680125338243	5.112402134339352	-0.023314648992169618	-0.1770732256302243	2.3595376300016393	2.51528154463017	0.716291232822632	-1.5880566310584303
SYN-obs-000036-000	0.6075520348533232	-4.033173574532985	-0.427587476973423	3.201221716162712	4.945893945979235	1.2847931151012097	-2.744562022847878	3.618497617469025
SYN-obs-000036-001	1.9658445913887947	-3.4582526031976606	-1.7424744581499867	2.726934667129965	3.3355432615164538	-1.6375177664008898	-0.5677722020536387	0.17743867578667066
SYN-obs-000037-000	1.104072020847659	4.545255641170419	-4.759671174774408	-1.527832246477776	2.778144280758004	-1.272635710845624	0.8444956108438053	-2.3582415479302323
SYN-obs-000037-001	1.3219261288869508	3.2420936814462635	-3.8167337496062115	-1.8276314412214822	2.380156589362344	-1.3487635386387735	-0.3342563345956831	-0.3888630137723432
SYN-obs-000038-000	-1.551368867332111	-0.28518603158628086	-1.9839209219997256	-1.816903477441234	1.550955222691489	1.1444671304720255	-1.9684215098171798	-4.219848284576067
SYN-obs-000038-001	-2.1104389304801816	-3.225072337412211	-2.3554194315817707	-0.334091338862174	2.0377479443045363	2.9254168945860974	-2.0830286912316005	-5.968303018636692
SYN-obs-000039-000	-0.5547573649476354	0.42674484544700525	-1.4671235260910132	-3.8890380843526318	-3.154021356390028	-1.6492798270733615	-2.1364801209249293	-2.63499326285867
SYN-obs-000039-001	2.392614878050466	0.49335561268755324	-1.7788579950430705	-3.8582572165876665	-2.002704652260678	-1.7725972525271558	-2.03941058473208	-5.080458201220388
SYN-obs-000040-000	2.1170146566080454	-2.3320799534451058	-1.3591376550278402	-0.6952634405175144	-2.6290462729135333	0.33136821331767274	-1.4089745404191816	-0.9399336814496884
SYN-obs-000040-001	2.001805198420781	-0.5153393258535192	-1.1204522761747422	-2.174059670163593	-0.6425550656760501	2.6673184212371543	-0.0769721233444336	-1.182131750988899
SYN-obs-000041-000	-1.567342191804494	0.23252462164036064	-7.14857264593825	-4.978473954641359	-1.6217851483426893	3.115189752889901	-6.6767624948444695	0.6152653693398588
SYN-obs-000041-001	-2.3576014315672102	-1.596221467833816	-5.468880515436339	-1.9638721972608986	-0.7104835874839533	1.8479642281690887	-6.463082661802518	0.46622046674346485
SYN-obs-000042-000	1.5251612130063688	0.1474998456402793	-1.2320921111799663	-4.589673841976686	-6.088575807543723	2.7413896206396373	2.8602372327260968	2.1257328970511176
SYN-obs-000042-001	1.1082942836292047	1.03226985869034	-2.1104560446599434	-5.627595410125416	-5.14300633117931	2.6726166366317035	2.857187473363417	2.461059166080011
SYN-obs-000043-000	0.11811532400920458	-1.53301321909618	0.8336357797355807	0.3316262204514	3.5116440887338345	-1.346696305707717	-1.6363784539627728	0.9173876989805942
SYN-obs-000043-001	-0.659216609628855	-4.142242199260221	2.8940276000098675	-0.4038483699437262	4.23325707406687	-0.9338851138229226	-2.795855596364786	0.22451515037286285
SYN-obs-000044-000	3.825238709805209	-3.6909538323134194	-7.280888989024068	-3.9136378928896356	-0.4309597325326839	3.00184416186094	4.296828657090353	0.9731175748393717
SYN-obs-000044-001	1.4406444074591678	-2.609913384474543	-7.882440429400928	-1.020402715370151	-0.884065048698705	2.867001851699206	3.4189419699074324	1.895148403580953
SYN-obs-000045-000	0.5107296103344676	-4.280672124373992	-4.724886490659871	2.5242756999811133	-0.14931858312722573	-2.2437643412192223	-2.0540746792305278	-1.6972046904273308
SYN-obs-000045-001	1.4565252501752557	-2.40297074202482	-4.804019023535917	2.0646612302700107	-0.36159136525820657	-3.347069091065696	0.9463498975091615	-3.162935462617135
SYN-obs-000046-000	0.4692753730242324	7.293885660036077	0.3501608436472833	0.6531959342906316	-3.024099069555801	-1.055546391137099	1.450647032449788	-0.5122268776932681
SYN-obs-000046-001	0.0975806989240377	8.258883977130637	0.9268791846731625	-0.7491737199892999	-2.759823423015228	-2.6000050843899793	1.9873045116594743	-1.240393950920118
SYN-obs-000047-000	3.757693698415963	-3.972476413000407	0.5882812129967885	2.648864936901739	0.9809629343810513	2.959544222275469	-4.1327269346050315	-1.515466918656183
SYN-obs-000047-001	1.665882541122162	-3.4446207092402825	-2.7142528010811047	1.2610489623147194	0.059256761662264235	4.347806586965589	-6.256415571369388	-1.897283469683515
SYN-obs-000048-000	1.3171425565585606	1.4743526596726846	6.13584604240038	0.32273594550409423	3.143452066021699	0.5503191598350475	0.9455009212783048	-3.472948409679259
SYN-obs-000048-001	2.486247182311008	2.225850557395528	6.175681418771458	2.1952622061766487	1.6193466753189327	0.46513831611855183	3.317048990806729	-4.2010605242220525
SYN-obs-000049-000	3.7770173993354494	0.00822384339415061	-3.9853032729056856	-0.26168494282224364	0.7402991535561142	-1.9555508875728533	-1.0664635547658632	1.3882409648070042
SYN-obs-000049-001	2.482578124135302	1.6320668461487404	-2.6968191089090316	3.2462484444213535	-0.09725299009208305	1.0985317246687414	-2.7663202432792184	2.6340378849751027
SYN-obs-000050-000	0.3697122922835483	2.3937255209325383	-0.6500048626937139	2.9502439986689346	-2.2438374862481885	-5.250015314707982	-2.84788559870251	2.7651214248741613
SYN-obs-000050-001	1.4186940199213514	2.8269228272580276	-0.5827386275939872	0.3031872639220202	-2.281792093974257	-6.184382609875218	-1.982214162065612	3.560727619577435
SYN-obs-000051-000	1.4975426293696064	0.7124227345243729	4.798319429024365	-1.6342184821577823	1.5391605526350352	-1.575884684252007	1.7415931514897625	1.8288333848372107
SYN-obs-000051-001	-1.2759163345461801	-2.1581850676822927	3.1334441174562917	-2.6929430833867514	-0.1420978918220236	1.0436898387157652	1.6029650737510075	2.506336893096069
SYN-obs-000052-000	-1.9845148011153946	-5.010599272290329	-0.0731580012056583	1.6460867137929949	-0.5204296866671143	-6.008480885889352	6.471261717054274	-2.8939442244852716
SYN-obs-000052-001	1.2962277573823222	-4.779335024651767	1.0470941204367819	0.8273300870610001	-2.748617013734454	-4.608529730886825	3.949035563764866	-0.7049186929095472
SYN-obs-000053-000	0.5519634583694195	0.675795849905759	-1.9807771603138857	1.106636217665665	0.40619517786094206	1.1231132296196187	-6.65254021165237	-2.5316016394780037
SYN-obs-000053-001	2.5210629155435322	-0.4328710770814799	-1.6283778168993246	-0.8378034375072845	-1.4263397529323458	0.09343467272420589	-5.479293388656484	-2.562475372629837
SYN-obs-000054-000	3.434567514227646	-4.548544170463784	3.3765078676667897	-2.444213918407062	1.4218344717937383	4.871038484270841	-10.230387755622523	-3.8386312572743306
SYN-obs-000054-001	3.6677142163953724	-4.1639881685547335	1.415442030778452	-0.2157762429649014	1.5245596980961087	6.252874903292892	-10.980568839672282	-5.619922687909868
SYN-obs-000055-000	-0.6491291243095263	-1.9827895388570953	-1.478247925620167	4.490064628677802	1.0723897515509189	-1.1807001464326685	-2.4609139834250655	2.234429906585696
SYN-obs-000055-001	-1.1141849525942733	-0.9259907241350533	-1.397153937406845	6.464368027983122	1.1013492132773792	-1.2870795822541836	-2.4654367371015353	2.200666924720085
SYN-obs-000056-000	0.5138039090536761	-8.51346851077068	0.9560293896448199	2.8759230583170394	0.25497639126920113	-0.8752489437265963	-1.4082560759685812	-1.7683998111856996
SYN-obs-000056-001	-2.2909599444299658	-8.263603631958738	0.3176246458324816	3.82256741836688	1.980418255242895	-1.7021846909613563	-2.5034566269090526	0.28159432959400554
SYN-obs-000057-000	-3.32465689739743	-5.084983023033788	-5.959329761469243	-3.041431685489242	0.2468078793006545	2.9781325413137263	1.0762966460615404	-1.7452837012568054
SYN-obs-000057-001	-3.0032526931202694	-5.422636594335106	-5.529424794097918	-2.163213616151531	-3.4944606755805383	0.5004295350644848	1.7477543690113375	-3.075309041128491
SYN-obs-000058-000	-3.4077857426591187	0.27270438835639654	1.32789733577194	-2.6679576176479802	5.085423986750473	1.8692597966016447	-2.1309364448190307	-4.714342676841596
SYN-obs-000058-001	-2.764302785318749	-0.15747142993459745	3.0697793495566366	-3.1830744390245274	4.227113691050998	0.32935262701867896	-2.160782715999748	-3.5239677354122985
SYN-obs-000059-000	-2.129675842905436	0.5810873107739407	6.452773577602462	-1.8165278220032708	-0.8329566605464873	-2.0541276740071597	-1.3070845401487536	1.1231734800117852
SYN-obs-000059-001	-4.283620110416708	0.9566891101666074	5.4938252062697925	-3.7278796382565	-0.09584542336831348	-2.985180172579656	2.1627887718109466	-0.15172235799151645
