repeat_id	fold_id	role	observation_id
0	fold-000	train	obs-001-1
0	fold-000	train	obs-001-2
0	fold-000	train	obs-002-1
0	fold-000	train	obs-002-2
0	fold-000	train	obs-004-1
0	fold-000	train	obs-004-2
0	fold-000	train	obs-005-1
0	fold-000	train	obs-005-2
0	fold-000	train	obs-007-1
0	fold-000	train	obs-007-2
0	fold-000	train	obs-008-1
0	fold-000	train	obs-008-2
0	fold-000	train	obs-010-1
0	fold-000	train	obs-010-2
0	fold-000	train	obs-011-1
0	fold-000	train	obs-011-2
0	fold-000	train	obs-013-1
0	fold-000	train	obs-013-2
0	fold-000	train	obs-014-1
0	fold-000	train	obs-014-2
0	fold-000	train	obs-016-1
0	fold-000	train	obs-016-2
0	fold-000	train	obs-017-1
0	fold-000	train	obs-017-2
0	fold-000	test	obs-003-1
0	fold-000	test	obs-003-2
0	fold-000	test	obs-006-1
0	fold-000	test	obs-006-2
0	fold-000	test	obs-009-1
0	fold-000	test	obs-009-2
0	fold-000	test	obs-012-1
0	fold-000	test	obs-012-2
0	fold-000	test	obs-015-1
0	fold-000	test	obs-015-2
0	fold-000	test	obs-018-1
0	fold-000	test	obs-018-2
0	fold-001	train	obs-002-1
0	fold-001	train	obs-002-2
0	fold-001	train	obs-003-1
0	fold-001	train	obs-003-2
0	fold-001	train	obs-005-1
0	fold-001	train	obs-005-2
0	fold-001	train	obs-006-1
0	fold-001	train	obs-006-2
0	fold-001	train	obs-008-1
0	fold-001	train	obs-008-2
0	fold-001	train	obs-009-1
0	fold-001	train	obs-009-2
0	fold-001	train	obs-011-1
0	fold-001	train	obs-011-2
0	fold-001	train	obs-012-1
0	fold-001	train	obs-012-2
0	fold-001	train	obs-014-1
0	fold-001	train	obs-014-2
0	fold-001	train	obs-015-1
0	fold-001	train	obs-015-2
0	fold-001	train	obs-017-1
0	fold-001	train	obs-017-2
0	fold-001	train	obs-018-1
0	fold-001	train	obs-018-2
0	fold-001	test	obs-001-1
0	fold-001	test	obs-001-2
0	fold-001	test	obs-004-1
0	fold-001	test	obs-004-2
0	fold-001	test	obs-007-1
0	fold-001	test	obs-007-2
0	fold-001	test	obs-010-1
0	fold-001	test	obs-010-2
0	fold-001	test	obs-013-1
0	fold-001	test	obs-013-2
0	fold-001	test	obs-016-1
0	fold-001	test	obs-016-2
0	fold-002	train	obs-001-1
0	fold-002	train	obs-001-2
0	fold-002	train	obs-003-1
0	fold-002	train	obs-003-2
0	fold-002	train	obs-004-1
0	fold-002	train	obs-004-2
0	fold-002	train	obs-006-1
0	fold-002	train	obs-006-2
0	fold-002	train	obs-007-1
0	fold-002	train	obs-007-2
0	fold-002	train	obs-009-1
0	fold-002	train	obs-009-2
0	fold-002	train	obs-010-1
0	fold-002	train	obs-010-2
0	fold-002	train	obs-012-1
0	fold-002	train	obs-012-2
0	fold-002	train	obs-013-1
0	fold-002	train	obs-013-2
0	fold-002	train	obs-015-1
0	fold-002	train	obs-015-2
0	fold-002	train	obs-016-1
0	fold-002	train	obs-016-2
0	fold-002	train	obs-018-1
0	fold-002	train	obs-018-2
0	fold-002	test	obs-002-1
0	fold-002	test	obs-002-2
0	fold-002	test	obs-005-1
0	fold-002	test	obs-005-2
0	fold-002	test	obs-008-1
0	fold-002	test	obs-008-2
0	fold-002	test	obs-011-1
0	fold-002	test	obs-011-2
0	fold-002	test	obs-014-1
0	fold-002	test	obs-014-2
0	fold-002	test	obs-017-1
0	fold-002	test	obs-017-2
