observation_id	subject_id	diagnosis	session_id	site
obs-001-1	sub-001	CN	ses-01	site-1
obs-001-2	sub-001	CN	ses-02	site-1
obs-002-1	sub-002	AD	ses-01	site-1
obs-002-2	sub-002	AD	ses-02	site-1
obs-003-1	sub-003	CN	ses-01	site-1
obs-003-2	sub-003	CN	ses-02	site-1
obs-004-1	sub-004	AD	ses-01	site-1
obs-004-2	sub-004	AD	ses-02	site-1
obs-005-1	sub-005	CN	ses-01	site-1
obs-005-2	sub-005	CN	ses-02	site-1
obs-006-1	sub-006	AD	ses-01	site-1
obs-006-2	sub-006	AD	ses-02	site-1
obs-007-1	sub-007	CN	ses-01	site-2
obs-007-2	sub-007	CN	ses-02	site-2
obs-008-1	sub-008	AD	ses-01	site-2
obs-008-2	sub-008	AD	ses-02	site-2
obs-009-1	sub-009	CN	ses-01	site-2
obs-009-2	sub-009	CN	ses-02	site-2
obs-010-1	sub-010	AD	ses-01	site-2
obs-010-2	sub-010	AD	ses-02	site-2
obs-011-1	sub-011	CN	ses-01	site-2
obs-011-2	sub-011	CN	ses-02	site-2
obs-012-1	sub-012	AD	ses-01	site-2
obs-012-2	sub-012	AD	ses-02	site-2
obs-013-1	sub-013	CN	ses-01	site-3
obs-013-2	sub-013	CN	ses-02	site-3
obs-014-1	sub-014	AD	ses-01	site-3
obs-014-2	sub-014	AD	ses-02	site-3
obs-015-1	sub-015	CN	ses-01	site-3
obs-015-2	sub-015	CN	ses-02	site-3
obs-016-1	sub-016	AD	ses-01	site-3
obs-016-2	sub-016	AD	ses-02	site-3
obs-017-1	sub-017	CN	ses-01	site-3
obs-017-2	sub-017	CN	ses-02	site-3
obs-018-1	sub-018	AD	ses-01	site-3
obs-018-2	sub-018	AD	ses-02	site-3
