observation_id	feature_1	feature_2
obs-018-2	0.62	0.48
obs-018-1	0.61	0.5
obs-017-2	0.42	0.35
obs-017-1	0.41	0.37
obs-016-2	0.22	0.22
obs-016-1	0.21	0.24
obs-015-2	0.02	0.09
obs-015-1	0.01	0.11
obs-014-2	0.82	-0.04
obs-014-1	0.81	-0.02
obs-013-2	0.62	0.74
obs-013-1	0.61	0.76
obs-012-2	0.42	0.61
obs-012-1	0.41	0.63
obs-011-2	0.22	0.48
obs-011-1	0.21	0.5
obs-010-2	0.02	0.35
obs-010-1	0.01	0.37
obs-009-2	0.82	0.22
obs-009-1	0.81	0.24
obs-008-2	0.62	0.09
obs-008-1	0.61	0.11
obs-007-2	0.42	-0.04
obs-007-1	0.41	-0.02
obs-006-2	0.22	0.74
obs-006-1	0.21	0.76
obs-005-2	0.02	0.61
obs-005-1	0.01	0.63
obs-004-2	0.82	0.48
obs-004-1	0.81	0.5
obs-003-2	0.62	0.35
obs-003-1	0.61	0.37
obs-002-2	0.42	0.22
obs-002-1	0.41	0.24
obs-001-2	0.22	0.09
obs-001-1	0.21	0.11
