observation_id	subject_id	session	target	site	data_kind
SYN-obs-000000-000	SYN-person-000000	visit-000	class-0	SYN-site-002	fully_synthetic_no_patient_data
SYN-obs-000000-001	SYN-person-000000	visit-001	class-0	SYN-site-002	fully_synthetic_no_patient_data
SYN-obs-000001-000	SYN-person-000001	visit-000	class-1	SYN-site-001	fully_synthetic_no_patient_data
SYN-obs-000001-001	SYN-person-000001	visit-001	class-1	SYN-site-001	fully_synthetic_no_patient_data
SYN-obs-000002-000	SYN-person-000002	visit-000	class-1	SYN-site-001	fully_synthetic_no_patient_data
SYN-obs-000002-001	SYN-person-000002	visit-001	class-1	SYN-site-001	fully_synthetic_no_patient_data
SYN-obs-000003-000	SYN-person-000003	visit-000	class-0	SYN-site-000	fully_synthetic_no_patient_data
SYN-obs-000003-001	SYN-person-000003	visit-001	class-0	SYN-site-000	fully_synthetic_no_patient_data
SYN-obs-000004-000	SYN-person-000004	visit-000	class-0	SYN-site-000	fully_synthetic_no_patient_data
SYN-obs-000004-001	SYN-person-000004	visit-001	class-0	SYN-site-000	fully_synthetic_no_patient_data
SYN-obs-000005-000	SYN-person-000005	visit-000	class-0	SYN-site-000	fully_synthetic_no_patient_data
SYN-obs-000005-001	SYN-person-000005	visit-001	class-0	SYN-site-000	fully_synthetic_no_patient_data
SYN-obs-000006-000	SYN-person-000006	visit-000	class-0	SYN-site-000	fully_synthetic_no_patient_data
SYN-obs-000006-001	SYN-person-000006	visit-001	class-0	SYN-site-000	fully_synthetic_no_patient_data
SYN-obs-000007-000	SYN-person-000007	visit-000	class-1	SYN-site-001	fully_synthetic_no_patient_data
SYN-obs-000007-001	SYN-person-000007	visit-001	class-1	SYN-site-001	fully_synthetic_no_patient_data
SYN-obs-000008-000	SYN-person-000008	visit-000	class-1	SYN-site-001	fully_synthetic_no_patient_data
SYN-obs-000008-001	SYN-person-000008	visit-001	class-1	SYN-site-001	fully_synthetic_no_patient_data
SYN-obs-000009-000	SYN-person-000009	visit-000	class-0	SYN-site-001	fully_synthetic_no_patient_data
SYN-obs-000009-001	SYN-person-000009	visit-001	class-0	SYN-site-001	fully_synthetic_no_patient_data
SYN-obs-000010-000	SYN-person-000010	visit-000	class-1	SYN-site-002	fully_synthetic_no_patient_data
SYN-obs-000010-001	SYN-person-000010	visit-001	class-1	SYN-site-002	fully_synthetic_no_patient_data
SYN-obs-000011-000	SYN-person-000011	visit-000	class-0	SYN-site-001	fully_synthetic_no_patient_data
SYN-obs-000011-001	SYN-person-000011	visit-001	class-0	SYN-site-001	fully_synthetic_no_patient_data
SYN-obs-000012-000	SYN-person-000012	visit-000	class-0	SYN-site-000	fully_synthetic_no_patient_data
SYN-obs-000012-001	SYN-person-000012	visit-001	class-0	SYN-site-000	fully_synthetic_no_patient_data
SYN-obs-000013-000	SYN-person-000013	visit-000	class-0	SYN-site-000	fully_synthetic_no_patient_data
SYN-obs-000013-001	SYN-person-000013	visit-001	class-0	SYN-site-000	fully_synthetic_no_patient_data
SYN-obs-000014-000	SYN-person-000014	visit-000	class-1	SYN-site-002	fully_synthetic_no_patient_data
SYN-obs-000014-001	SYN-person-000014	visit-001	class-1	SYN-site-002	fully_synthetic_no_patient_data
SYN-obs-000015-000	SYN-person-000015	visit-000	class-1	SYN-site-001	fully_synthetic_no_patient_data
SYN-obs-000015-001	SYN-person-000015	visit-001	class-1	SYN-site-001	fully_synthetic_no_patient_data
SYN-obs-000016-000	SYN-person-000016	visit-000	class-1	SYN-site-001	fully_synthetic_no_patient_data
SYN-obs-000016-001	SYN-person-000016	visit-001	class-1	SYN-site-001	fully_synthetic_no_patient_data
SYN-obs-000017-000	SYN-person-000017	visit-000	class-1	SYN-site-000	fully_synthetic_no_patient_data
SYN-obs-000017-001	SYN-person-000017	visit-001	class-1	SYN-site-000	fully_synthetic_no_patient_data
SYN-obs-000018-000	SYN-person-000018	visit-000	class-0	SYN-site-002	fully_synthetic_no_patient_data
SYN-obs-000018-001	SYN-person-000018	visit-001	class-0	SYN-site-002	fully_synthetic_no_patient_data
SYN-obs-000019-000	SYN-person-000019	visit-000	class-0	SYN-site-000	fully_synthetic_no_patient_data
SYN-obs-000019-001	SYN-person-000019	visit-001	class-0	SYN-site-000	fully_synthetic_no_patient_data
SYN-obs-000020-000	SYN-person-000020	visit-000	class-0	SYN-site-001	fully_synthetic_no_patient_data
SYN-obs-000020-001	SYN-person-000020	visit-001	class-0	SYN-site-001	fully_synthetic_no_patient_data
SYN-obs-000021-000	SYN-person-000021	visit-000	class-0	SYN-site-001	fully_synthetic_no_patient_data
SYN-obs-000021-001	SYN-person-000021	visit-001	class-0	SYN-site-001	fully_synthetic_no_patient_data
SYN-obs-000022-000	SYN-person-000022	visit-000	class-1	SYN-site-001	fully_synthetic_no_patient_data
SYN-obs-000022-001	SYN-person-000022	visit-001	class-1	SYN-site-001	fully_synthetic_no_patient_data
SYN-obs-000023-000	SYN-person-000023	visit-000	class-1	SYN-site-001	fully_synthetic_no_patient_data
SYN-obs-000023-001	SYN-person-000023	visit-001	class-1	SYN-site-001	fully_synthetic_no_patient_data
SYN-obs-000024-000	SYN-person-000024	visit-000	class-1	SYN-site-001	fully_synthetic_no_patient_data
SYN-obs-000024-001	SYN-person-000024	visit-001	class-1	SYN-site-001	fully_synthetic_no_patient_data
SYN-obs-000025-000	SYN-person-000025	visit-000	class-0	SYN-site-000	fully_synthetic_no_patient_data
SYN-obs-000025-001	SYN-person-000025	visit-001	class-0	SYN-site-000	fully_synthetic_no_patient_data
SYN-obs-000026-000	SYN-person-000026	visit-000	class-0	SYN-site-000	fully_synthetic_no_patient_data
SYN-obs-000026-001	SYN-person-000026	visit-001	class-0	SYN-site-000	fully_synthetic_no_patient_data
SYN-obs-000027-000	SYN-person-000027	visit-000	class-1	SYN-site-002	fully_synthetic_no_patient_data
SYN-obs-000027-001	SYN-person-000027	visit-001	class-1	SYN-site-002	fully_synthetic_no_patient_data
SYN-obs-000028-000	SYN-person-000028	visit-000	class-0	SYN-site-000	fully_synthetic_no_patient_data
SYN-obs-000028-001	SYN-person-000028	visit-001	class-0	SYN-site-000	fully_synthetic_no_patient_data
SYN-obs-000029-000	SYN-person-000029	visit-000	class-0	SYN-site-000	fully_synthetic_no_patient_data
SYN-obs-000029-001	SYN-person-000029	visit-001	class-0	SYN-site-000	fully_synthetic_no_patient_data
SYN-obs-000030-000	SYN-person-000030	visit-000	class-1	SYN-site-001	fully_synthetic_no_patient_data
SYN-obs-000030-001	SYN-person-000030	visit-001	class-1	SYN-site-001	fully_synthetic_no_patient_data
SYN-obs-000031-000	SYN-person-000031	visit-000	class-1	SYN-site-001	fully_synthetic_no_patient_data
SYN-obs-000031-001	SYN-person-000031	visit-001	class-1	SYN-site-001	fully_synthetic_no_patient_data
SYN-obs-000032-000	SYN-person-000032	visit-000	class-1	SYN-site-001	fully_synthetic_no_patient_data
SYN-obs-000032-001	SYN-person-000032	visit-001	class-1	SYN-site-001	fully_synthetic_no_patient_data
SYN-obs-000033-000	SYN-person-000033	visit-000	class-1	SYN-site-001	fully_synthetic_no_patient_data
SYN-obs-000033-001	SYN-person-000033	visit-001	class-1	SYN-site-001	fully_synthetic_no_patient_data
SYN-obs-000034-000	SYN-person-000034	visit-000	class-1	SYN-site-002	fully_synthetic_no_patient_data
SYN-obs-000034-001	SYN-person-000034	visit-001	class-1	SYN-site-002	fully_synthetic_no_patient_data
SYN-obs-000035-000	SYN-person-000035	visit-000	class-0	SYN-site-000	fully_synthetic_no_patient_data
SYN-obs-000035-001	SYN-person-000035	visit-001	class-0	SYN-site-000	fully_synthetic_no_patient_data
SYN-obs-000036-000	SYN-person-000036	visit-000	class-0	SYN-site-000	fully_synthetic_no_patient_data
SYN-obs-000036-001	SYN-person-000036	visit-001	class-0	SYN-site-000	fully_synthetic_no_patient_data
SYN-obs-000037-000	SYN-person-000037	visit-000	class-1	SYN-site-001	fully_synthetic_no_patient_data
SYN-obs-000037-001	SYN-person-000037	visit-001	class-1	SYN-site-001	fully_synthetic_no_patient_data
SYN-obs-000038-000	SYN-person-000038	visit-000	class-0	SYN-site-000	fully_synthetic_no_patient_data
SYN-obs-000038-001	SYN-person-000038	visit-001	class-0	SYN-site-000	fully_synthetic_no_patient_data
SYN-obs-000039-000	SYN-person-000039	visit-000	class-1	SYN-site-001	fully_synthetic_no_patient_data
SYN-obs-000039-001	SYN-person-000039	visit-001	class-1	SYN-site-001	fully_synthetic_no_patient_data
SYN-obs-000040-000	SYN-person-000040	visit-000	class-1	SYN-site-002	fully_synthetic_no_patient_data
SYN-obs-000040-001	SYN-person-000040	visit-001	class-1	SYN-site-002	fully_synthetic_no_patient_data
SYN-obs-000041-000	SYN-person-000041	visit-000	class-1	SYN-site-001	fully_synthetic_no_patient_data
SYN-obs-000041-001	SYN-person-000041	visit-001	class-1	SYN-site-001	fully_synthetic_no_patient_data
SYN-obs-000042-000	SYN-person-000042	visit-000	class-1	SYN-site-001	fully_synthetic_no_patient_data
SYN-obs-000042-001	SYN-person-000042	visit-001	class-1	SYN-site-001	fully_synthetic_no_patient_data
SYN-obs-000043-000	SYN-person-000043	visit-000	class-0	SYN-site-000	fully_synthetic_no_patient_data
SYN-obs-000043-001	SYN-person-000043	visit-001	class-0	SYN-site-000	fully_synthetic_no_patient_data
SYN-obs-000044-000	SYN-person-000044	visit-000	class-1	SYN-site-001	fully_synthetic_no_patient_data
SYN-obs-000044-001	SYN-person-000044	visit-001	class-1	SYN-site-001	fully_synthetic_no_patient_data
SYN-obs-000045-000	SYN-person-000045	visit-000	class-0	SYN-site-000	fully_synthetic_no_patient_data
SYN-obs-000045-001	SYN-person-000045	visit-001	class-0	SYN-site-000	fully_synthetic_no_patient_data
SYN-obs-000046-000	SYN-person-000046	visit-000	class-1	SYN-site-001	fully_synthetic_no_patient_data
SYN-obs-000046-001	SYN-person-000046	visit-001	class-1	SYN-site-001	fully_synthetic_no_patient_data
SYN-obs-000047-000	SYN-person-000047	visit-000	class-0	SYN-site-000	fully_synthetic_no_patient_data
SYN-obs-000047-001	SYN-person-000047	visit-001	class-0	SYN-site-000	fully_synthetic_no_patient_data
SYN-obs-000048-000	SYN-person-000048	visit-000	class-1	SYN-site-001	fully_synthetic_no_patient_data
SYN-obs-000048-001	SYN-person-000048	visit-001	class-1	SYN-site-001	fully_synthetic_no_patient_data
SYN-obs-000049-000	SYN-person-000049	visit-000	class-1	SYN-site-001	fully_synthetic_no_patient_data
SYN-obs-000049-001	SYN-person-000049	visit-001	class-1	SYN-site-001	fully_synthetic_no_patient_data
SYN-obs-000050-000	SYN-person-000050	visit-000	class-0	SYN-site-002	fully_synthetic_no_patient_data
SYN-obs-000050-001	SYN-person-000050	visit-001	class-0	SYN-site-002	fully_synthetic_no_patient_data
SYN-obs-000051-000	SYN-person-000051	visit-000	class-1	SYN-site-002	fully_synthetic_no_patient_data
SYN-obs-000051-001	SYN-person-000051	visit-001	class-1	SYN-site-002	fully_synthetic_no_patient_data
SYN-obs-000052-000	SYN-person-000052	visit-000	class-0	SYN-site-000	fully_synthetic_no_patient_data
SYN-obs-000052-001	SYN-person-000052	visit-001	class-0	SYN-site-000	fully_synthetic_no_patient_data
SYN-obs-000053-000	SYN-person-000053	visit-000	class-0	SYN-site-001	fully_synthetic_no_patient_data
SYN-obs-000053-001	SYN-person-000053	visit-001	class-0	SYN-site-001	fully_synthetic_no_patient_data
SYN-obs-000054-000	SYN-person-000054	visit-000	class-0	SYN-site-000	fully_synthetic_no_patient_data
SYN-obs-000054-001	SYN-person-000054	visit-001	class-0	SYN-site-000	fully_synthetic_no_patient_data
SYN-obs-000055-000	SYN-person-000055	visit-000	class-0	SYN-site-000	fully_synthetic_no_patient_data
SYN-obs-000055-001	SYN-person-000055	visit-001	class-0	SYN-site-000	fully_synthetic_no_patient_data
SYN-obs-000056-000	SYN-person-000056	visit-000	class-0	SYN-site-000	fully_synthetic_no_patient_data
SYN-obs-000056-001	SYN-person-000056	visit-001	class-0	SYN-site-000	fully_synthetic_no_patient_data
SYN-obs-000057-000	SYN-person-000057	visit-000	class-1	SYN-site-001	fully_synthetic_no_patient_data
SYN-obs-000057-001	SYN-person-000057	visit-001	class-1	SYN-site-001	fully_synthetic_no_patient_data
SYN-obs-000058-000	SYN-person-000058	visit-000	class-0	SYN-site-000	fully_synthetic_no_patient_data
SYN-obs-000058-001	SYN-person-000058	visit-001	class-0	SYN-site-000	fully_synthetic_no_patient_data
SYN-obs-000059-000	SYN-person-000059	visit-000	class-1	SYN-site-002	fully_synthetic_no_patient_data
SYN-obs-000059-001	SYN-person-000059	visit-001	class-1	SYN-site-002	fully_synthetic_no_patient_data
